ลำดับ,ชื่อหน่วยงาน/องค์กร/คำทางการ,หมวดหมู่
1,คณะกรรมการการเลือกตั้ง,คณะกรรมการ
2,กระทรวงกลาโหม,กระทรวง
3,กระทรวงเกษตรและสหกรณ์,กระทรวง
4,กระทรวงคมนาคม,กระทรวง
5,กระทรวงการคลัง,กระทรวง
6,กระทรวงดิจิทัลเพื่อเศรษฐกิจและสังคม,กระทรวง
7,กระทรวงการต่างประเทศ,กระทรวง
8,การทางพิเศษแห่งประเทศไทย,หน่วยงานรัฐสภา
9,กระทรวงทรัพยากรธรรมชาติและสิ่งแวดล้อม,กระทรวง
10,กระทรวงการท่องเที่ยวและกีฬา,กระทรวง
11,พลเอก กนิษฐ์ ชาญปรีชญา,หน่วยงานรัฐสภา
12,สำนักงานคณะกรรมการข้าราชการพลเรือน,คณะกรรมการ
13,กระทรวงการพัฒนาสังคมและความมั่นคงของมนุษย์,กระทรวง
14,สำนักงานคณะกรรมการการพัฒนาระบบราชการ,คณะกรรมการ
15,กระทรวงพลังงาน,กระทรวง
16,กระทรวงพาณิชย์,กระทรวง
17,(คณะกรรมาธิการเข้าประจำที่),คณะกรรมาธิการ
18,กระทรวงมหาดไทย,กระทรวง
19,กระทรวงยุติธรรม,กระทรวง
20,นายกรรณภว์ ธนภรรคภวิน,หน่วยงานรัฐสภา
21,กระทรวงแรงงาน,กระทรวง
22,สำนักงานคณะกรรมการกฤษฎีกา,คณะกรรมการ
23,พลตรี กลชัย สุวรรณบูรณ์,หน่วยงานรัฐสภา
24,นายกล้านรงค์ จันทิก,หน่วยงานรัฐสภา
25,กระทรวงวัฒนธรรม,กระทรวง
26,คณะกรรมการตุลาการศาลปกครอง,คณะกรรมการ
27,กระทรวงศึกษาธิการ,กระทรวง
28,นายกษิดิศ อาชวคุณ,หน่วยงานรัฐสภา
29,คณะกรรมการสิทธิมนุษยชนแห่งชาติ,คณะกรรมการ
30,กระทรวงสาธารณสุข,กระทรวง
31,นางกอบกุล อาภากร ณ อยุธยา,หน่วยงานรัฐสภา
32,กองอำนวยการรักษาความมั่นคงภายในราชอาณาจักร,หน่วยงานรัฐสภา
33,กระทรวงการอุดมศึกษา วิทยาศาสตร์ วิจัยและนวัตกรรม,กระทรวง
34,ศาสตราจารย์พิเศษกาญจนารัตน์ ลีวิโรจน์,หน่วยงานรัฐสภา
35,นายกำพล เลิศเกียรติดำรงค์,หน่วยงานรัฐสภา
36,นายกิตติ วะสีนนท์,หน่วยงานรัฐสภา
37,นายกิตติศักดิ์ รัตนวราหะ,หน่วยงานรัฐสภา
38,นายกูรดิสถ์ จันทร์ศรีชวาลา,หน่วยงานรัฐสภา
39,(เจ้าหน้าที่ได้เก็บเอกสารลับและรายงานลับคืนจากสมาชิก),หน่วยงานรัฐสภา
40,(เจ้าหน้าที่ได้เก็บรายงานลับคืนจากสมาชิก),หน่วยงานรัฐสภา
41,(เจ้าหน้าที่ได้เก็บเอกสารลับคืนจากสมาชิก),หน่วยงานรัฐสภา
42,นายเกียว แก้วสุทอ,หน่วยงานรัฐสภา
43,ศาสตราจารย์เกียรติคุณไกรสิทธิ์ ตันติศิรินทร์,หน่วยงานรัฐสภา
44,นายขวัญชาติ วงศ์ศุภรานันต์,หน่วยงานรัฐสภา
45,(คณะกรรมการตรวจนับคะแนนเข้าประจำที่),คณะกรรมการ
46,คณะกรรมาธิการการกฎหมาย การยุติธรรมและการตำรวจ,คณะกรรมาธิการ
47,คณะกรรมาธิการการพัฒนาการเมืองและการมีส่วนร่วมของประชาชน,คณะกรรมาธิการ
48,คณะกรรมาธิการวิสามัญกิจการวุฒิสภา,คณะกรรมาธิการ
49,คณะกรรมาธิการการกีฬา,คณะกรรมาธิการ
50,คณะกรรมาธิการการเกษตรและสหกรณ์,คณะกรรมาธิการ
51,คณะกรรมาธิการการคมนาคม,คณะกรรมาธิการ
52,คณะกรรมการตรวจเงินแผ่นดิน,คณะกรรมการ
53,คณะกรรมาธิการการต่างประเทศ,คณะกรรมาธิการ
54,คณะกรรมาธิการการติดตามการบริหารงบประมาณ,คณะกรรมาธิการ
55,คณะกรรมาธิการการทหารและความมั่นคงของรัฐ,คณะกรรมาธิการ
56,คณะกรรมาธิการการท่องเที่ยว,คณะกรรมาธิการ
57,คณะกรรมาธิการการเทคโนโลยีสารสนเทศการสื่อสารและการโทรคมนาคม,คณะกรรมาธิการ
58,คณะกรรมาธิการศึกษาตรวจสอบเรื่องทุจริตประพฤติมิชอบและเสริมสร้างธรรมาภิบาล,คณะกรรมาธิการ
59,คณะกรรมาธิการการบริหารราชการแผ่นดิน,คณะกรรมาธิการ
60,คณะกรรมาธิการการปกครองท้องถิ่น,คณะกรรมาธิการ
61,คณะกรรมาธิการการพลังงาน,คณะกรรมาธิการ
62,คณะกรรมาธิการการพัฒนาสังคมและกิจการเด็ก เยาวชน สตรี ผู้สูงอายุคนพิการ และผู้ด้อยโอกาส,คณะกรรมาธิการ
63,คณะกรรมาธิการการพาณิชย์และการอุตสาหกรรม,คณะกรรมาธิการ
64,คณะกรรมาธิการวิสามัญการพิทักษ์และเทิดทูนสถาบันพระมหากษัตริย์,คณะกรรมาธิการ
65,คณะกรรมาธิการการแรงงาน,คณะกรรมาธิการ
66,คณะกรรมาธิการการศาสนา คุณธรรม จริยธรรมศิลปะและวัฒนธรรม,คณะกรรมาธิการ
67,คณะกรรมาธิการการศึกษา,คณะกรรมาธิการ
68,คณะกรรมาธิการการเศรษฐกิจ การเงินและการคลัง,คณะกรรมาธิการ
69,คณะกรรมาธิการการสาธารณสุข,คณะกรรมาธิการ
70,คณะกรรมาธิการทรัพยากรธรรมชาติและสิ่งแวดล้อม,คณะกรรมาธิการ
71,คณะกรรมาธิการสิทธิมนุษยชน สิทธิเสรีภาพและการคุ้มครองผู้บริโภค,คณะกรรมาธิการ
72,คณะกรรมาธิการการแก้ปัญหาความยากจนและลดความเหลื่อมล้ำ,คณะกรรมาธิการ
73,คณะกรรมาธิการกิจการองค์กรอิสระตามรัฐธรรมนูญ,คณะกรรมาธิการ
74,คณะกรรมาธิการการอุดมศึกษา วิทยาศาสตร์ วิจัยและนวัตกรรม,คณะกรรมาธิการ
75,นายคำนูณ สิทธิสมาน,หน่วยงานรัฐสภา
76,นายจเด็จ อินสว่าง,หน่วยงานรัฐสภา
77,เจ้าหน้าที่คณะกรรมาธิการ :,คณะกรรมาธิการ
78,เจ้าหน้าที่คณะอนุกรรมาธิการ :,หน่วยงานรัฐสภา
79,นายจรินทร์ จักกะพาก,หน่วยงานรัฐสภา
80,พลโท จเรศักณิ์ อานุภาพ,หน่วยงานรัฐสภา
81,นายจัตุรงค์ เสริมสุข,หน่วยงานรัฐสภา
82,พลตำรวจโท จิตติ รอดบางยาง,หน่วยงานรัฐสภา
83,นางจินตนา ชัยยวรรณาการ,หน่วยงานรัฐสภา
84,นายจิรชัย มูลทองโร่ย,หน่วยงานรัฐสภา
85,นางจิรดา สงฆ์ประชา,หน่วยงานรัฐสภา
86,พลเอก จิรพงศ์ วรรณรัตน์,หน่วยงานรัฐสภา
87,พลเอก จีระศักดิ์ ชมประสพ,หน่วยงานรัฐสภา
88,นายเจตน์ ศิรธรานนท์,หน่วยงานรัฐสภา
89,นายเจน นำชัยศิริ,หน่วยงานรัฐสภา
90,(เจ้าหน้าที่ได้นำเอกสารลับและรายงานลับแจกให้แก่สมาชิกในที่ประชุมโดยทั่วกัน),หน่วยงานรัฐสภา
91,(เจ้าหน้าที่ได้นำรายงานลับแจกให้แก่สมาชิกในที่ประชุมโดยทั่วกัน),หน่วยงานรัฐสภา
92,(เจ้าหน้าที่ได้นำเอกสารลับแจกให้แก่สมาชิกในที่ประชุมโดยทั่วกัน),หน่วยงานรัฐสภา
93,นางฉวีรัตน์ เกษตรสุนทร,หน่วยงานรัฐสภา
94,พลเอก ฉัตรเฉลิม เฉลิมสุข,หน่วยงานรัฐสภา
95,พลเอก ฉัตรชัย สาริกัลยะ,หน่วยงานรัฐสภา
96,(ฉายพาวเวอร์พ็อยนต์ประกอบการอภิปราย),หน่วยงานรัฐสภา
97,นายเฉลา พวงมาลัย,หน่วยงานรัฐสภา
98,พลอากาศตรี เฉลิมชัย เครืองาม,หน่วยงานรัฐสภา
99,ผู้ช่วยศาสตราจารย์เฉลิมชัย บุญยะลีพรรณ,หน่วยงานรัฐสภา
100,นายเฉลิมชัย เฟื่องคอน,หน่วยงานรัฐสภา
101,พลเอก เฉลิมพล ศรีสวัสดิ์,หน่วยงานรัฐสภา
102,นายเฉลียว เกาะแก้ว,หน่วยงานรัฐสภา
103,พลเอก ชยุติ สุวรรณมาศ,หน่วยงานรัฐสภา
104,นายชลิต แก้วจินดา,หน่วยงานรัฐสภา
105,พลตำรวจเอก ชัชวาลย์ สุขสมจิตร์,หน่วยงานรัฐสภา
106,พลเรือเอก ชัยวัฒน์ เอี่ยมสมุทร,หน่วยงานรัฐสภา
107,นายชาญวิทย์ ผลชีวิน,หน่วยงานรัฐสภา
108,พลเอก ชาตอุดม ติตถะสิริ,หน่วยงานรัฐสภา
109,พลเรือเอก ชาติชาย ศรีวรขาน,หน่วยงานรัฐสภา
110,พลเรือเอก ชุมนุม อาจวงษ์,หน่วยงานรัฐสภา
111,พลเอก ชูศักดิ์ เมฆสุวรรณ์,หน่วยงานรัฐสภา
112,พลเอก เชวงศักดิ์ ทองสลวย,หน่วยงานรัฐสภา
113,ว่าที่ร้อยตรี เชิดศักดิ์ จำปาเทศ,หน่วยงานรัฐสภา
114,นายเชิดศักดิ์ สันติวรวุฒิ,หน่วยงานรัฐสภา
115,นายซากีย์ พิทักษ์คุมพล,หน่วยงานรัฐสภา
116,พลเรือเอก ฐนิธ กิตติอำพน,หน่วยงานรัฐสภา
117,พลเรือเอก ณรงค์ พิพัฒนาศัย,หน่วยงานรัฐสภา
118,พลเอก ณรงค์พันธ์ จิตต์แก้วแท้,หน่วยงานรัฐสภา
119,นายณรงค์ รัตนานุกูล,หน่วยงานรัฐสภา
120,นายณรงค์ สหเมธาพัฒน์,หน่วยงานรัฐสภา
121,นายณรงค์ อ่อนสอาด,หน่วยงานรัฐสภา
122,พลเอก ณัฐ อินทรเจริญ,หน่วยงานรัฐสภา
123,พลเอก ดนัย มีชูเวท,หน่วยงานรัฐสภา
124,นางดวงพร รอดพยาธิ์,หน่วยงานรัฐสภา
125,นางสาวดาวน้อย สุทธินิภาพันธ์,หน่วยงานรัฐสภา
126,นายดิเรกฤทธิ์ เจนครองธรรม,หน่วยงานรัฐสภา
127,นายดุสิต เขมะศักดิ์ชัย,หน่วยงานรัฐสภา
128,พลตำรวจเอก เดชณรงค์ สุทธิชาญบัญชา,หน่วยงานรัฐสภา
129,สำนักงานตำรวจแห่งชาติ,สำนักงาน
130,พลตำรวจโท ตรีทศ รณฤทธิวิชัย,หน่วยงานรัฐสภา
131,พลอากาศเอก ตรีทศ สนแจ้ง,หน่วยงานรัฐสภา
132,นายตวง อันทะไชย,หน่วยงานรัฐสภา
133,รองศาสตราจารย์ พลเอก ไตรโรจน์ ครุธเวโช,หน่วยงานรัฐสภา
134,นายถนัด มานะพันธุ์นิยม,หน่วยงานรัฐสภา
135,นายถวิล เปลี่ยนศรี,หน่วยงานรัฐสภา
136,นายถาวร เทพวิมลเพชรกุล,หน่วยงานรัฐสภา
137,พลอากาศเอก ถาวร มณีพฤกษ์,หน่วยงานรัฐสภา
138,นายทรงเดช เสมอคำ,หน่วยงานรัฐสภา
139,พลเอก ทวีป เนตรนิยม,หน่วยงานรัฐสภา
140,นายทวีวงษ์ จุลกมนตรี,หน่วยงานรัฐสภา
141,นางทัศนา ยุวานนท์,หน่วยงานรัฐสภา
142,ศาสตราจารย์ ร้อยเอก ทินพันธุ์ นาคะตะ,หน่วยงานรัฐสภา
143,พลเอก เทพพงศ์ ทิพยจันทร์,หน่วยงานรัฐสภา
144,พลเอก ธงชัย สาระสุข,หน่วยงานรัฐสภา
145,พลเอก ธนะศักดิ์ ปฏิมาประกร,หน่วยงานรัฐสภา
146,พลเอก ธวัชชัย สมุทรสาคร,หน่วยงานรัฐสภา
147,นายธานี สุโชดายน,หน่วยงานรัฐสภา
148,นายธานี อ่อนละเอียด,หน่วยงานรัฐสภา
149,พลเอก ธีรเดช มีเพียร,หน่วยงานรัฐสภา
150,พลเรือเอก นพดล โชคระดา,หน่วยงานรัฐสภา
151,พลเอก นพดล อินทปัญญา,หน่วยงานรัฐสภา
152,(คณะกรรมการตรวจนับคะแนนได้ทำการตรวจนับคะแนนเสร็จแล้ว เสนอผลต่อประธานวุฒิสภา),คณะกรรมการ
153,(มีสมาชิกกดปุ่มแสดงตนเพื่อตรวจนับองค์ประชุม จำนวน คน),หน่วยงานรัฐสภา
154,พลเอก นาวิน ดำริกาญจน์,หน่วยงานรัฐสภา
155,นายนิพนธ์ นาคสมภพ,หน่วยงานรัฐสภา
156,พลเอก นิวัตร มีนะโยธิน,หน่วยงานรัฐสภา
157,ศาสตราจารย์นิสดารก์ เวชยานนท์,หน่วยงานรัฐสภา
158,นายนิอาแซ ซีอุเซ็ง,หน่วยงานรัฐสภา
159,นายเนาวรัตน์ พงษ์ไพบูลย์,หน่วยงานรัฐสภา
160,นายบรรชา พงศ์อายุกูล,หน่วยงานรัฐสภา
161,พลเอก บุญธรรม โอริส,หน่วยงานรัฐสภา
162,นายบุญมี สุระโคตร,หน่วยงานรัฐสภา
163,ผู้ช่วยศาสตราจารย์บุญส่ง ไข่เกษ,หน่วยงานรัฐสภา
164,พลเอก บุญสร้าง เนียมประดิษฐ์,หน่วยงานรัฐสภา
165,นางเบญจรัตน์ จริยธาราสิทธิ์,หน่วยงานรัฐสภา
166,ประธานคณะกรรมาธิการ,คณะกรรมาธิการ
167,ประธานคณะกรรมาธิการวิสามัญ,คณะกรรมาธิการ
168,(การประชุมดำเนินมาถึงตอนนี้ ศาสตราจารย์พิเศษพรเพชร วิชิตชลชัย ประธานวุฒิสภา ได้กลับมาขึ้นบัลลังก์ ทำหน้าที่ประธานของที่ประชุมต่อไป),หน่วยงานรัฐสภา
169,(การประชุมดำเนินมาถึงตอนนี้ ศาสตราจารย์พิเศษพรเพชร วิชิตชลชัย ประธานวุฒิสภา ได้ขึ้นบัลลังก์ ทำหน้าที่ประธานของที่ประชุมต่อไป),หน่วยงานรัฐสภา
170,ประธาน :,หน่วยงานรัฐสภา
171,หม่อมหลวงปนัดดา ดิศกุล,หน่วยงานรัฐสภา
172,คณะกรรมการป้องกันและปราบปรามการฟอกเงิน,คณะกรรมการ
173,คณะกรรมการป้องกันและปราบปรามการทุจริตแห่งชาติ,คณะกรรมการ
174,คณะกรรมการป้องกันและปราบปรามยาเสพติด,คณะกรรมการ
175,ประธานวุฒิสภา,หน่วยงานรัฐสภา
176,(การประชุมดำเนินมาถึงตอนนี้ ศาสตราจารย์พิเศษพรเพชร วิชิตชลชัย ประธานวุฒิสภา ได้ลงจากบัลลังก์ โดยมอบให้ พลเอก สิงห์ศึก สิงห์ไพร รองประธานวุฒิสภา คนที่หนึ่ง ปฏิบัติหน้าที่แทนประธานวุฒิสภา),หน่วยงานรัฐสภา
177,(การประชุมดำเนินมาถึงตอนนี้ ศาสตราจารย์พิเศษพรเพชร วิชิตชลชัย ประธานวุฒิสภา ได้ลงจากบัลลังก์ โดยมอบให้ นายศุภชัย สมเจริญ รองประธานวุฒิสภา คนที่สอง ปฏิบัติหน้าที่แทนประธานวุฒิสภา),หน่วยงานรัฐสภา
178,พลอากาศเอก ประจิน จั่นตอง,หน่วยงานรัฐสภา
179,นายประดิษฐ์ เหลืองอร่าม,หน่วยงานรัฐสภา
180,นางประภาศรี สุฉันทบุตร,หน่วยงานรัฐสภา
181,นายประมนต์ สุธีวงศ์,หน่วยงานรัฐสภา
182,นายประมาณ สว่างญาติ,หน่วยงานรัฐสภา
183,ร้อยเอก ประยุทธ เสาวคนธ์,หน่วยงานรัฐสภา
184,นางประยูร เหล่าสายเชื้อ,หน่วยงานรัฐสภา
185,พลเอก ประสาท สุขเกษตร,หน่วยงานรัฐสภา
186,นายประสิทธิ์ ปทุมารักษ์,หน่วยงานรัฐสภา
187,รองศาสตราจารย์ประเสริฐ ปิ่นปฐมรัฐ,หน่วยงานรัฐสภา
188,พลตำรวจตรี ปรัชญ์ชัย ใจชาญสุขกิจ,หน่วยงานรัฐสภา
189,พลเอก ปรีชา จันทร์โอชา,หน่วยงานรัฐสภา
190,นายปรีชา บัววิรัตน์เลิศ,หน่วยงานรัฐสภา
191,พลเอก ปัฐมพงศ์ ประถมภัฏ,หน่วยงานรัฐสภา
192,นายปานเทพ กล้าณรงค์ราญ,หน่วยงานรัฐสภา
193,นายปิยพันธุ์ นิมมานเหมินท์,หน่วยงานรัฐสภา
194,พลเอก โปฎก บุนนาค,หน่วยงานรัฐสภา
195,ผู้ตรวจการแผ่นดิน,หน่วยงานรัฐสภา
196,นางผาณิต นิติทัณฑ์ประภาศ,หน่วยงานรัฐสภา
197,คุณหญิงพรทิพย์ โรจนสุนันท์,หน่วยงานรัฐสภา
198,ศาสตราจารย์พิเศษพรเพชร วิชิตชลชัย,หน่วยงานรัฐสภา
199,นายพลเดช ปิ่นประทีป,หน่วยงานรัฐสภา
200,พลเรือเอก พัลลภ ตมิศานนท์,หน่วยงานรัฐสภา
201,นางพิกุลแก้ว ไกรฤกษ์,หน่วยงานรัฐสภา
202,นายพิทักษ์ ไชยเจริญ,หน่วยงานรัฐสภา
203,พลเอก พิศณุ พุทธวงศ์,หน่วยงานรัฐสภา
204,นายพิศาล มาณวพัฒน์,หน่วยงานรัฐสภา
205,พลตำรวจโท พิสัณห์ จุลดิลก,หน่วยงานรัฐสภา
206,พลเอก พิสิทธิ์ สิทธิสาร,หน่วยงานรัฐสภา
207,นายพีระศักดิ์ พอจิต,หน่วยงานรัฐสภา
208,นางเพ็ญพักตร์ ศรีทอง,หน่วยงานรัฐสภา
209,พลเอก ไพชยนต์ ค้าทันเจริญ,หน่วยงานรัฐสภา
210,นายไพฑูรย์ หลิมวัฒนา,หน่วยงานรัฐสภา
211,นายไพโรจน์ พ่วงทอง,หน่วยงานรัฐสภา
212,พลเอก ไพโรจน์ พานิชสมัย,หน่วยงานรัฐสภา
213,นางสาวภัทรา วรามิตร,หน่วยงานรัฐสภา
214,นายภาณุ อุทัยรัตน์,หน่วยงานรัฐสภา
215,นายมณเฑียร บุญตัน,หน่วยงานรัฐสภา
216,พลอากาศเอก มนัส รูปขจร,หน่วยงานรัฐสภา
217,(ไม่มีสมาชิกยกมือ),หน่วยงานรัฐสภา
218,นายมหรรณพ เดชวิทักษ์,หน่วยงานรัฐสภา
219,พลเอก มารุต ปัชโชตะสิงห์,หน่วยงานรัฐสภา
220,พันตำรวจตรี ยงยุทธ สาระสมบัติ,หน่วยงานรัฐสภา
221,พลเอก ยอดยุทธ บุญญาธิการ,หน่วยงานรัฐสภา
222,พันตำรวจเอก ยุทธกร วงเวียน,หน่วยงานรัฐสภา
223,นายยุทธนา ทัพเจริญ,หน่วยงานรัฐสภา
224,(การประชุมดำเนินมาถึงตอนนี้ พลเอก สิงห์ศึก สิงห์ไพร รองประธานวุฒิสภา คนที่หนึ่ง ได้ลงจากบัลลังก์ โดยมอบให้ นายศุภชัย สมเจริญ รองประธานวุฒิสภา คนที่สอง ปฏิบัติหน้าที่แทนประธานวุฒิสภา),หน่วยงานรัฐสภา
225,เนื่องจาก ศาสตราจารย์พิเศษพรเพชร วิชิตชลชัย ประธานวุฒิสภา ติดราชการ พลเอก สิงห์ศึก สิงห์ไพร รองประธานวุฒิสภา คนที่หนึ่ง จึงปฏิบัติหน้าที่แทนประธานวุฒิสภา,หน่วยงานรัฐสภา
226,ผู้ปฏิบัติหน้าที่แทนประธานวุฒิสภา (พลเอก สิงห์ศึก สิงห์ไพร รองประธานวุฒิสภา คนที่หนึ่ง),หน่วยงานรัฐสภา
227,(การประชุมดำเนินมาถึงตอนนี้ พลเอก สิงห์ศึก สิงห์ไพร รองประธานวุฒิสภา คนที่หนึ่ง ได้ขึ้นบัลลังก์ ทำหน้าที่ประธานของที่ประชุมต่อไป),หน่วยงานรัฐสภา
228,เนื่องจาก ศาสตราจารย์พิเศษพรเพชร วิชิตชลชัย ประธานวุฒิสภา ติดราชการ นายศุภชัย สมเจริญ รองประธานวุฒิสภา คนที่สอง จึงปฏิบัติหน้าที่แทนประธานวุฒิสภา,หน่วยงานรัฐสภา
229,ผู้ปฏิบัติหน้าที่แทนประธานวุฒิสภา (นายศุภชัย สมเจริญ รองประธานวุฒิสภา คนที่สอง),หน่วยงานรัฐสภา
230,นายรณวริทธิ์ ปริยฉัตรตระกูล,หน่วยงานรัฐสภา
231,การรถไฟฟ้าขนส่งมวลชนแห่งประเทศไทย,หน่วยงานรัฐสภา
232,(รัฐมนตรีเข้าประจำที่),หน่วยงานรัฐสภา
233,(มีสมาชิกยกมือขึ้นรับรอง),หน่วยงานรัฐสภา
234,นางสาวเรณู ตังคจิวางกูร,หน่วยงานรัฐสภา
235,(มีสมาชิกเห็นด้วย คะแนน ไม่เห็นด้วย คะแนน),หน่วยงานรัฐสภา
236,นายลักษณ์ วจนานวัช,หน่วยงานรัฐสภา
237,เลขานุการ :,หน่วยงานรัฐสภา
238,พลเอก เลิศรัตน์ รัตนวานิช,หน่วยงานรัฐสภา
239,พลเอก เลิศฤทธิ์ เวชสวรรค์,หน่วยงานรัฐสภา
240,ว่าที่ร้อยตรี วงศ์สยาม เพ็งพานิชภักดี,หน่วยงานรัฐสภา
241,พลเอก วรพงษ์ สง่าเนตร,หน่วยงานรัฐสภา
242,นางวรารัตน์ อติแพทย์,หน่วยงานรัฐสภา
243,พลเอก วราห์ บุญญะสิทธิ์,หน่วยงานรัฐสภา
244,พลเอก วลิต โรจนภักดี,หน่วยงานรัฐสภา
245,พลเอก วสันต์ สุริยมงคล,หน่วยงานรัฐสภา
246,พลเอก วัฒนา สรรพานิช,หน่วยงานรัฐสภา
247,นายวันชัย สอนศิริ,หน่วยงานรัฐสภา
248,นายวัลลภ ตังคณานุรักษ์,หน่วยงานรัฐสภา
249,นายวิชัย ทิตตภักดี,หน่วยงานรัฐสภา
250,พลเอก วิชิต ยาทิพย์,หน่วยงานรัฐสภา
251,นายวิทยา ผิวผ่อง,หน่วยงานรัฐสภา
252,พลเอก วินัย สร้างสุขดี,หน่วยงานรัฐสภา
253,พลตำรวจโท วิบูลย์ บางท่าไม้,หน่วยงานรัฐสภา
254,นางสาววิบูลย์ลักษณ์ ร่วมรักษ์,หน่วยงานรัฐสภา
255,นายวิรัตน์ เกสสมบูรณ์,หน่วยงานรัฐสภา
256,นางสาววิไลลักษณ์ อรินทมะพงษ์,หน่วยงานรัฐสภา
257,นายวิวรรธน์ แสงสุริยะฉัตร,หน่วยงานรัฐสภา
258,นายวิสุทธิ์ ศรีสุพรรณ,หน่วยงานรัฐสภา
259,นายวีระศักดิ์ โควสุรัตน์,หน่วยงานรัฐสภา
260,นายวีระศักดิ์ ฟูตระกูล,หน่วยงานรัฐสภา
261,นายวีระศักดิ์ ภูครองหิน,หน่วยงานรัฐสภา
262,พลเอก วีรัณ ฉันทศาสตร์โกศล,หน่วยงานรัฐสภา
263,นายวุฒิพันธุ์ วิชัยรัตน์,หน่วยงานรัฐสภา
264,นายศรีศักดิ์ วัฒนพรมงคล,หน่วยงานรัฐสภา
265,นายศักดิ์ชัย ธนบุญชัย,หน่วยงานรัฐสภา
266,รองศาสตราจารย์ศักดิ์ไทย สุรกิจบวร,หน่วยงานรัฐสภา
267,พลเรือเอก ศักดิ์สิทธิ์ เชิดบุญเมือง,หน่วยงานรัฐสภา
268,พลตำรวจโท ศานิตย์ มหถาวร,หน่วยงานรัฐสภา
269,นางศิรินา ปวโรฬารวิทยา,หน่วยงานรัฐสภา
270,พลเรือเอก ศิษฐวัชร วงษ์สุวรรณ,หน่วยงานรัฐสภา
271,นายศุภชัย สมเจริญ,หน่วยงานรัฐสภา
272,พลเอก ศุภรัตน์ พัฒนาวิสุทธิ์,หน่วยงานรัฐสภา
273,พลเอก สกนธ์ สัจจานิตย์,หน่วยงานรัฐสภา
274,พลเอก สกล ชื่นตระกูล,หน่วยงานรัฐสภา
275,หม่อมหลวงสกุล มาลากุล,หน่วยงานรัฐสภา
276,สำนักงานคณะกรรมการคุ้มครองผู้บริโภค,คณะกรรมการ
277,นายสถิตย์ ลิ่มพงศ์พันธุ์,หน่วยงานรัฐสภา
278,พลเรือโท สนธยา น้อยฉายา,หน่วยงานรัฐสภา
279,พลเอก สนธยา ศรีเจริญ,หน่วยงานรัฐสภา
280,สำนักนายกรัฐมนตรี,สำนักงาน
281,พลเอก สนั่น มะเริงสิทธิ์,หน่วยงานรัฐสภา
282,สำนักงานปลัดกระทรวง,กระทรวง
283,สำนักงานหลักประกันสุขภาพ,สำนักงาน
284,สำนักงานสภาพัฒนาการเศรษฐกิจและสังคมแห่งชาติ,สำนักงาน
285,พลเอก สมเจตน์ บุญถนอม,หน่วยงานรัฐสภา
286,สำนักงานสภาความมั่นคงแห่งชาติ,สำนักงาน
287,นายสมชาย ชาญณรงค์กุล,หน่วยงานรัฐสภา
288,นายสมชาย เสียงหลาย,หน่วยงานรัฐสภา
289,นายสมชาย แสวงการ,หน่วยงานรัฐสภา
290,นายสมชาย หาญหิรัญ,หน่วยงานรัฐสภา
291,นายสมเดช นิลพันธุ์,หน่วยงานรัฐสภา
292,พลตำรวจโท สมบัติ มิลินทจินดา,หน่วยงานรัฐสภา
293,นายสมบูรณ์ งามลักษณ์,หน่วยงานรัฐสภา
294,ศาสตราจารย์พิเศษสม จาตุศรีพิทักษ์,หน่วยงานรัฐสภา
295,นายสมพล เกียรติไพบูลย์,หน่วยงานรัฐสภา
296,นายสมศักดิ์ โชติรัตนะศิริ,หน่วยงานรัฐสภา
297,พลตำรวจโท สมหมาย กองวิสัยสุข,หน่วยงานรัฐสภา
298,พลเอก สมหมาย เกาฏีระ,หน่วยงานรัฐสภา
299,พลเอก สราวุฒิ ชลออยู่,หน่วยงานรัฐสภา
300,นายสวัสดิ์ สมัครพงศ์,หน่วยงานรัฐสภา
301,สำนักงานส่งเสริมวิสาหกิจขนาดกลางและขนาดย่อม,สำนักงาน
302,พลเอก สสิน ทองภักดี,หน่วยงานรัฐสภา
303,นายสังศิต พิริยะรังสรรค์,หน่วยงานรัฐสภา
304,นายสัญชัย จุลมนต์,หน่วยงานรัฐสภา
305,นายสาธิต เหล่าสุวรรณ,หน่วยงานรัฐสภา
306,นายสำราญ ครรชิต,หน่วยงานรัฐสภา
307,พลเอก สำเริง ศิวาดำรงค์,หน่วยงานรัฐสภา
308,พลเอก สิงห์ศึก สิงห์ไพร,หน่วยงานรัฐสภา
309,พลอากาศเอก สุจินต์ แช่มช้อย,หน่วยงานรัฐสภา
310,นายสุชัย บุตรสาระ,หน่วยงานรัฐสภา
311,นายสุธี มากบุญ,หน่วยงานรัฐสภา
312,นางสุนี จึงวิโรจน์,หน่วยงานรัฐสภา
313,นายสุรชัย ดนัยตั้งตระกูล,หน่วยงานรัฐสภา
314,นายสุรชัย เลี้ยงบุญเลิศชัย,หน่วยงานรัฐสภา
315,พลเอก สุรเชษฐ์ ชัยวงศ์,หน่วยงานรัฐสภา
316,นายสุรเดช จิรัฐิติเจริญ,หน่วยงานรัฐสภา
317,พลเอก สุรพงษ์ สุวรรณอัตถ์,หน่วยงานรัฐสภา
318,พลเอก สุรศักดิ์ กาญจนรัตน์,หน่วยงานรัฐสภา
319,นายสุรสิทธิ์ ตรีทอง,หน่วยงานรัฐสภา
320,นายสุวพันธุ์ ตันยุวรรธนะ,หน่วยงานรัฐสภา
321,นายสุวรรณ เลิศปัญญาโรจน์,หน่วยงานรัฐสภา
322,นางสุวรรณี สิริเวชชะพันธ์,หน่วยงานรัฐสภา
323,พลตำรวจเอก สุวัฒน์ แจ้งยอดสุข,หน่วยงานรัฐสภา
324,นายเสรี สุวรรณภานนท์,หน่วยงานรัฐสภา
325,พลเอก อกนิษฐ์ หมื่นสวัสดิ์,หน่วยงานรัฐสภา
326,พลอากาศเอก อดิศักดิ์ กลั่นเสนาะ,หน่วยงานรัฐสภา
327,พลตำรวจเอก อดุลย์ แสงสิงแก้ว,หน่วยงานรัฐสภา
328,พลเอก อนันตพร กาญจนรัตน์,หน่วยงานรัฐสภา
329,นายอนุมัติ อาหมัด,หน่วยงานรัฐสภา
330,นายอนุศักดิ์ คงมาลัย,หน่วยงานรัฐสภา
331,นายอนุศาสน์ สุวรรณมงคล,หน่วยงานรัฐสภา
332,นายอภิชาติ โตดิลกเวชช์,หน่วยงานรัฐสภา
333,นางอภิรดี ตันตราภรณ์,หน่วยงานรัฐสภา
334,นายอมร นิลเปรม,หน่วยงานรัฐสภา
335,(ผู้ที่อยู่ในที่ประชุมและผู้เข้าฟังการประชุมซึ่งไม่เกี่ยวข้องกับการประชุมได้ออกไปจากห้องประชุม),หน่วยงานรัฐสภา
336,นายออน กาจกระโทก,หน่วยงานรัฐสภา
337,พลเอก อักษรา เกิดผล,หน่วยงานรัฐสภา
338,นายอับดุลฮาลิม มินซาร์,หน่วยงานรัฐสภา
339,พลเอก อาชาไนย ศรีสุข,หน่วยงานรัฐสภา
340,พลโท อำพน ชูประทุม,หน่วยงานรัฐสภา
341,นายอำพล จินดาวัฒนะ,หน่วยงานรัฐสภา
342,พลเรือเอก อิทธิคมน์ ภมรสูต,หน่วยงานรัฐสภา
343,พลเอก อุดมชัย ธรรมสาโรรัชต์,หน่วยงานรัฐสภา
344,นายอุดม วรัญญูรัฐ,หน่วยงานรัฐสภา
345,นายอุปกิต ปาจรียางกูร,หน่วยงานรัฐสภา
346,พลเอก อู้ด เบื้องบน,หน่วยงานรัฐสภา
347,พลอากาศเอก แอร์บูล สุทธิวรรณ,หน่วยงานรัฐสภา
348,พลตรี โอสถ ภาวิไล,หน่วยงานรัฐสภา
