ลำดับที่,เลขที่,คำนำหน้า,ชื่อตัว,ชื่อกลาง,นามสกุล,ชื่อเต็มทางการ (วรรค ๒ เคาะ),รูปภาพ
1,เลขที่ 001,นาย,กมล,,รอดคล้าย,นายกมล  รอดคล้าย,https://www.senate.go.th/v2/files/person/pictures/25670711_091618.jpg
2,เลขที่ 002,นาย,กมล,,สุขคะสมบัติ,นายกมล  สุขคะสมบัติ,https://www.senate.go.th/v2/files/person/pictures/25670711_105147.jpg
3,เลขที่ 003,ว่าที่พันตรี,กรพด,,รุ่งหิรัญวัฒน์,ว่าที่พันตรี  กรพด  รุ่งหิรัญวัฒน์,https://www.senate.go.th/v2/files/person/pictures/25670711_135406.jpg
4,เลขที่ 004,นาย,กฤษณุ,,เหลืองพิบูลกิจ,นายกฤษณุ  เหลืองพิบูลกิจ,https://www.senate.go.th/v2/files/person/pictures/25670711_112138.jpg
5,เลขที่ 005,พันตำรวจเอก,กอบ,,อัจนากิตติ,พันตำรวจเอก  กอบ  อัจนากิตติ,https://www.senate.go.th/v2/files/person/pictures/25670711_144305.jpg
6,เลขที่ 006,นาย,กัมพล,,ทองชิว,นายกัมพล  ทองชิว,https://www.senate.go.th/v2/files/person/pictures/25670712_130611.jpg
7,เลขที่ 007,นาย,กัมพล,,สุภาแพ่ง,นายกัมพล  สุภาแพ่ง,https://www.senate.go.th/v2/files/person/pictures/25670711_153109.jpg
8,เลขที่ 008,นาง,กัลยา,,ใหญ่ประสาน,นางกัลยา  ใหญ่ประสาน,https://www.senate.go.th/v2/files/person/pictures/25670712_113502.jpg
9,เลขที่ 009,นาง,กานต์เปรมปรีด์,,ชิตานนท์,นางกานต์เปรมปรีด์  ชิตานนท์,https://www.senate.go.th/v2/files/person/pictures/25670711_125618.jpg
10,เลขที่ 010,นาย,กิตติพันธ์,,อนันตกูลจิรโชติ,นายกิตติพันธ์  อนันตกูลจิรโชติ,https://www.senate.go.th/v2/files/person/pictures/25670711_134616.jpg
11,เลขที่ 011,นาย,กิติศักดิ์,,หมื่นศรี,นายกิติศักดิ์  หมื่นศรี,https://www.senate.go.th/v2/files/person/pictures/25670711_153342.jpg
12,เลขที่ 012,พลเอก,เกรียงไกร,,ศรีรักษ์,พลเอก  เกรียงไกร  ศรีรักษ์,https://www.senate.go.th/v2/files/person/pictures/25670712_101424.jpg
13,เลขที่ 013,นางสาว,เกศกมล,,เปลี่ยนสมัย,นางสาวเกศกมล  เปลี่ยนสมัย,https://www.senate.go.th/v2/files/person/pictures/25670813_100606.jpg
14,เลขที่ 014,นาย,เกียรติชาย,,ไมตรีวงษ์,นายเกียรติชาย  ไมตรีวงษ์,https://www.senate.go.th/v2/files/person/pictures/25670711_112449.jpg
15,เลขที่ 015,นาย,ขจรศักดิ์,,ศรีวิราช,นายขจรศักดิ์  ศรีวิราช,https://www.senate.go.th/v2/files/person/pictures/25670711_075630.jpg
16,เลขที่ 016,นาย,ขวัญชัย,,แสนหิรัณย์,นายขวัญชัย  แสนหิรัณย์,https://www.senate.go.th/v2/files/person/pictures/25670712_163513.jpg
17,เลขที่ 017,นางสาว,เข็มรัตน์,,สุรเมธีมาณพ,นางสาวเข็มรัตน์  สุรเมธีมาณพ,https://www.senate.go.th/v2/files/person/pictures/25670711_154055.jpg
18,เลขที่ 018,นาย,จตุพร,,เรียงเงิน,นายจตุพร  เรียงเงิน,https://www.senate.go.th/v2/files/person/pictures/25670711_110757.jpg
19,เลขที่ 019,นาย,จรุณ,,กลิ่นตลบ,นายจรุณ  กลิ่นตลบ,https://www.senate.go.th/v2/files/person/pictures/25670711_131217.jpg
20,เลขที่ 020,นางสาว,จารุณี,,ฤกษ์ปราณี,นางสาวจารุณี  ฤกษ์ปราณี,https://www.senate.go.th/v2/files/person/pictures/25670712_121031.jpg
21,เลขที่ 021,นาย,จำลอง,,อนันตสุข,นายจำลอง  อนันตสุข,https://www.senate.go.th/v2/files/person/pictures/25670711_120313.jpg
22,เลขที่ 022,นาย,จิระศักดิ์,,ชูความดี,นายจิระศักดิ์  ชูความดี,https://www.senate.go.th/v2/files/person/pictures/25670711_125852.jpg
23,เลขที่ 023,นาง,จุฑารัตน์,,นิลเปรม,นางจุฑารัตน์  นิลเปรม,https://www.senate.go.th/v2/files/person/pictures/25670711_085333.jpg
24,เลขที่ 024,นาง,เจียระนัย,,ตั้งกีรติ,นางเจียระนัย  ตั้งกีรติ,https://www.senate.go.th/v2/files/person/pictures/25670711_153945.jpg
25,เลขที่ 025,ร้อยตำรวจเอก,ฉลอง,,ทองนะ,ร้อยตำรวจเอก  ฉลอง  ทองนะ,https://www.senate.go.th/v2/files/person/pictures/25670712_091123.jpg
26,เลขที่ 026,พลตำรวจตรี,ฉัตรวรรษ,,แสงเพชร,พลตำรวจตรี  ฉัตรวรรษ  แสงเพชร,https://www.senate.go.th/v2/files/person/pictures/25670711_095242.jpg
27,เลขที่ 027,นางสาว,ชญาน์นันท์,,ติยะตระการชัย,นางสาวชญาน์นันท์  ติยะตระการชัย,https://www.senate.go.th/v2/files/person/pictures/25670711_145917.jpg
28,เลขที่ 028,นาย,ชวพล,,วัฒนพรมงคล,นายชวพล  วัฒนพรมงคล,https://www.senate.go.th/v2/files/person/pictures/25670711_184120.png
29,เลขที่ 029,นาย,ชวภณ,,วัธนเวคิน,นายชวภณ  วัธนเวคิน,https://www.senate.go.th/v2/files/person/pictures/25670827_114357.jpg
30,เลขที่ 030,นาย,ชัยธัช,,เพราะสุนทร,นายชัยธัช  เพราะสุนทร,https://www.senate.go.th/v2/files/person/pictures/25670711_150916.jpg
31,เลขที่ 031,นาย,ชาญชัย,,ไชยพิศ,นายชาญชัย  ไชยพิศ,https://www.senate.go.th/v2/files/person/pictures/25670712_120904.jpg
32,เลขที่ 032,ศาสตราจารย์,ชาญณรงค์,,พรรุ่งโรจน์,ศาสตราจารย์ชาญณรงค์  พรรุ่งโรจน์,https://www.senate.go.th/v2/files/person/pictures/25670711_121049.jpg
33,เลขที่ 033,นาย,ชาญวิศว์,,บรรจงการ,นายชาญวิศว์  บรรจงการ,https://www.senate.go.th/v2/files/person/pictures/25670711_094419.jpg
34,เลขที่ 034,นาย,ชินโชติ,,แสงสังข์,นายชินโชติ  แสงสังข์,https://www.senate.go.th/v2/files/person/pictures/25670712_114141.jpg
35,เลขที่ 035,นาย,ชิบ,,จิตนิยม,นายชิบ  จิตนิยม,https://www.senate.go.th/v2/files/person/pictures/25670711_121415.jpg
36,เลขที่ 036,นาย,ชีวะภาพ,,ชีวะธรรม,นายชีวะภาพ  ชีวะธรรม,https://www.senate.go.th/v2/files/person/pictures/25670711_000753.jpg
37,เลขที่ 037,นาย,ชูชาติ,,อินสว่าง,นายชูชาติ  อินสว่าง,https://www.senate.go.th/v2/files/person/pictures/25670711_104621.jpg
38,เลขที่ 038,นาย,ชูชีพ,,เอื้อการณ์,นายชูชีพ  เอื้อการณ์,https://www.senate.go.th/v2/files/person/pictures/25670712_132525.jpg
39,เลขที่ 039,นาย,โชคชัย,,กิตติธเนศวร,นายโชคชัย  กิตติธเนศวร,https://www.senate.go.th/v2/files/person/pictures/25670711_130358.jpg
40,เลขที่ 040,นาย,โชติชัย,,บัวดิษ,นายโชติชัย  บัวดิษ,https://www.senate.go.th/v2/files/person/pictures/25670813_111705.jpg
41,เลขที่ 041,นาย,ไชยยงค์,,มณีรุ่งสกุล,นายไชยยงค์  มณีรุ่งสกุล,https://www.senate.go.th/v2/files/person/pictures/25670711_154530.jpg
42,เลขที่ 042,นาย,ณภพ,,ลายวิเศษกุล,นายณภพ  ลายวิเศษกุล,https://www.senate.go.th/v2/files/person/pictures/25670715_131006.jpg
43,เลขที่ 043,นาย,ณรงค์,,จิตราช,นายณรงค์  จิตราช,https://www.senate.go.th/v2/files/person/pictures/25670712_111803.jpg
44,เลขที่ 044,นาง,ณัฏฐินีภรณ์,,จันทรโณทัย,นางณัฏฐินีภรณ์  จันทรโณทัย,https://www.senate.go.th/v2/files/person/pictures/25670805_113758.jpg
45,เลขที่ 045,นาย,ณัฐกิตติ์,,หนูรอด,นายณัฐกิตติ์  หนูรอด,https://www.senate.go.th/v2/files/person/pictures/25670711_141329.jpg
46,เลขที่ 046,นาย,เดชา,,นุตาลัย,นายเดชา  นุตาลัย,https://www.senate.go.th/v2/files/person/pictures/25670712_135148.jpg
47,เลขที่ 047,นาง,แดง,,กองมา,นางแดง  กองมา,https://www.senate.go.th/v2/files/person/pictures/25670710_223453.jpg
48,เลขที่ 048,นางสาว,ตวงคุณ,,ทรงธรรมวัฒน์,นางสาวตวงคุณ  ทรงธรรมวัฒน์,https://www.senate.go.th/v2/files/person/pictures/25670712_084950.jpg
49,เลขที่ 049,นาย,เตชสิทธิ์,,ชูแก้ว,นายเตชสิทธิ์  ชูแก้ว,https://www.senate.go.th/v2/files/person/pictures/25670711_161844.jpg
50,เลขที่ 050,นาย,เทวฤทธิ์,,มณีฉาย,นายเทวฤทธิ์  มณีฉาย,https://www.senate.go.th/v2/files/person/pictures/25670715_132412.jpg
51,เลขที่ 051,พันเอกหญิง,ธณตศกร,,บุราคม,พันเอกหญิง  ธณตศกร  บุราคม,https://www.senate.go.th/v2/files/person/pictures/25670711_122952.jpg
52,เลขที่ 052,นาย,ธนกร,,ถาวรชินโชติ,นายธนกร  ถาวรชินโชติ,https://www.senate.go.th/v2/files/person/pictures/25670711_153540.jpg
53,เลขที่ 053,นาย,ธนชัย,,แซ่จึง,นายธนชัย  แซ่จึง,https://www.senate.go.th/v2/files/person/pictures/25670711_140259.jpg
54,เลขที่ 054,นาย,ธนภัทร,,ตวงวิไล,นายธนภัทร  ตวงวิไล,https://www.senate.go.th/v2/files/person/pictures/25670711_115504.jpg
55,เลขที่ 055,นาย,ธวัช,,สุระบาล,นายธวัช  สุระบาล,https://www.senate.go.th/v2/files/person/pictures/25670712_194831.JPG
56,เลขที่ 056,นาย,ธัชชญาณ์ณัช,,เจียรธนัทกานนท์,นายธัชชญาณ์ณัช  เจียรธนัทกานนท์,https://www.senate.go.th/v2/files/person/pictures/25670903_095837.jpg
57,เลขที่ 057,นาง,ธารนี,,ปรีดาสันติ์,นางธารนี  ปรีดาสันติ์,https://www.senate.go.th/v2/files/person/pictures/25670711_151336.jpg
58,เลขที่ 058,นาง,นงลักษณ์,,ก้านเขียว,นางนงลักษณ์  ก้านเขียว,https://www.senate.go.th/v2/files/person/pictures/25670711_141914.jpg
59,เลขที่ 059,นาย,นพดล,,พริ้งสกุล,นายนพดล  พริ้งสกุล,https://www.senate.go.th/v2/files/person/pictures/25670711_121236.jpg
60,เลขที่ 060,ผู้ช่วยศาสตราจารย์,นพดล,,อินนา,ผู้ช่วยศาสตราจารย์นพดล  อินนา,https://www.senate.go.th/v2/files/person/pictures/25670711_113804.jpg
61,เลขที่ 061,นาย,นรเศรษฐ์,,ปรัชญากร,นายนรเศรษฐ์  ปรัชญากร,https://www.senate.go.th/v2/files/person/pictures/25670715_114522.jpg
62,เลขที่ 062,นาย,นฤพล,,สุคนธชาติ,นายนฤพล  สุคนธชาติ,https://www.senate.go.th/v2/files/person/pictures/25670807_100454.jpg
63,เลขที่ 063,นางสาว,นวลนิจ,,หงษ์วิวัฒน์,นางสาวนวลนิจ  หงษ์วิวัฒน์,https://www.senate.go.th/v2/files/person/pictures/25670711_104205.jpg
64,เลขที่ 064,นางสาว,นันทนา,,นันทวโรภาส,นางสาวนันทนา  นันทวโรภาส,https://www.senate.go.th/v2/files/person/pictures/25670715_114301.jpg
65,เลขที่ 065,นาย,นิคม,,มากรุ่งแจ้ง,นายนิคม  มากรุ่งแจ้ง,https://www.senate.go.th/v2/files/person/pictures/25670711_135027.jpg
66,เลขที่ 066,นางสาว,นิชาภา,,สุวรรณนาค,นางสาวนิชาภา  สุวรรณนาค,https://www.senate.go.th/v2/files/person/pictures/25670712_100058.jpg
67,เลขที่ 067,นาย,นิทัศน์,,อารีย์วงศ์สกุล,นายนิทัศน์  อารีย์วงศ์สกุล,https://www.senate.go.th/v2/files/person/pictures/25670711_043711.jpg
68,เลขที่ 068,นาย,นิพนธ์,,เอกวานิช,นายนิพนธ์  เอกวานิช,https://www.senate.go.th/v2/files/person/pictures/25670711_133908.jpg
69,เลขที่ 069,ผู้ช่วยศาสตราจารย์,นิฟาริด,,ระเด่นอาหมัด,ผู้ช่วยศาสตราจารย์นิฟาริด  ระเด่นอาหมัด,https://www.senate.go.th/v2/files/person/pictures/25670711_105654.jpg
70,เลขที่ 070,นาย,นิรัตน์,,อยู่ภักดี,นายนิรัตน์  อยู่ภักดี,https://www.senate.go.th/v2/files/person/pictures/25670711_121145.jpg
71,เลขที่ 071,นาย,นิรุตติ,,สุทธินนท์,นายนิรุตติ  สุทธินนท์,https://www.senate.go.th/v2/files/person/pictures/25670822_085023.jpg
72,เลขที่ 072,นาย,นิเวศ,,พันธ์เจริญวรกุล,นายนิเวศ  พันธ์เจริญวรกุล,https://www.senate.go.th/v2/files/person/pictures/25670712_112542.jpg
73,เลขที่ 073,นาย,นิสิทธิ์,,ปนกลิ่น,นายนิสิทธิ์  ปนกลิ่น,https://www.senate.go.th/v2/files/person/pictures/25670711_133151.jpg
74,เลขที่ 074,พลตำรวจโท,บุญจันทร์,,นวลสาย,พลตำรวจโท  บุญจันทร์  นวลสาย,https://www.senate.go.th/v2/files/person/pictures/25670711_105016.jpg
75,เลขที่ 075,นาย,บุญชอบ,,สระสมทรัพย์,นายบุญชอบ  สระสมทรัพย์,https://www.senate.go.th/v2/files/person/pictures/25670711_094149.jpg
76,เลขที่ 076,นาย,บุญส่ง,,น้อยโสภณ,นายบุญส่ง  น้อยโสภณ,https://www.senate.go.th/v2/files/person/pictures/25670712_085037.jpg
77,เลขที่ 077,นาง,เบ็ญจมาศ,,อภัยทอง,นางเบ็ญจมาศ  อภัยทอง,https://www.senate.go.th/v2/files/person/pictures/25670711_120209.jpg
78,เลขที่ 078,นาย,ปฏิมา,,จีระแพทย์,นายปฏิมา  จีระแพทย์,https://www.senate.go.th/v2/files/person/pictures/25670711_115759.jpg
79,เลขที่ 079,นาย,ประกาสิทธิ์,,พลซา,นายประกาสิทธิ์  พลซา,https://www.senate.go.th/v2/files/person/pictures/25670712_111927.jpg
80,เลขที่ 080,นาง,ประทุม,,วงศ์สวัสดิ์,นางประทุม  วงศ์สวัสดิ์,https://www.senate.go.th/v2/files/person/pictures/25670711_161436.jpg
81,เลขที่ 081,นาย,ประเทือง,,มนตรี,นายประเทือง  มนตรี,https://www.senate.go.th/v2/files/person/pictures/25670724_141722.jpg
82,เลขที่ 082,นาย,ประพนธ์,,ตั้งศรีเกียรติกุล,นายประพนธ์  ตั้งศรีเกียรติกุล,https://www.senate.go.th/v2/files/person/pictures/25670711_101102.jpg
83,เลขที่ 083,นาย,ประภาส,,ปิ่นตบแต่ง,นายประภาส  ปิ่นตบแต่ง,https://www.senate.go.th/v2/files/person/pictures/25670712_144547.jpg
84,เลขที่ 084,นาง,ประไม,,หอมเทียม,นางประไม  หอมเทียม,https://www.senate.go.th/v2/files/person/pictures/25670711_115031.jpg
85,เลขที่ 085,นาย,ประหยัด,,จตุพรพิทักษ์กุล,นายประหยัด  จตุพรพิทักษ์กุล,https://www.senate.go.th/v2/files/person/pictures/25670712_112748.jpg
86,เลขที่ 086,นาย,ปราณีต,,เกรัมย์,นายปราณีต  เกรัมย์,https://www.senate.go.th/v2/files/person/pictures/25670712_113123.jpg
87,เลขที่ 087,นาย,ปริญญา,,วงษ์เชิดขวัญ,นายปริญญา  วงษ์เชิดขวัญ,https://www.senate.go.th/v2/files/person/pictures/25670711_055229.jpg
88,เลขที่ 088,นาง,ปวีณา,,สาระรัมย์,นางปวีณา  สาระรัมย์,https://www.senate.go.th/v2/files/person/pictures/25670711_033704.jpg
89,เลขที่ 089,นาย,ปิยพัฒน์,,สุภาวรรณ,นายปิยพัฒน์  สุภาวรรณ,https://www.senate.go.th/v2/files/person/pictures/25670712_153214.jpg
90,เลขที่ 090,นางสาว,ปุณณภา,,จินดาพงษ์,นางสาวปุณณภา  จินดาพงษ์,https://www.senate.go.th/v2/files/person/pictures/25670712_112232.jpg
91,เลขที่ 091,นาย,เปรมศักดิ์,,เพียยุระ,นายเปรมศักดิ์  เพียยุระ,https://www.senate.go.th/v2/files/person/pictures/25670712_104407.jpg
92,เลขที่ 092,นาย,พงษ์ศักดิ์,,เกิดวงศ์บัณฑิต,นายพงษ์ศักดิ์  เกิดวงศ์บัณฑิต,https://www.senate.go.th/v2/files/person/pictures/25670711_105319.jpg
93,เลขที่ 093,นาย,พรชัย,,วิทยเลิศพันธุ์,นายพรชัย  วิทยเลิศพันธุ์,https://www.senate.go.th/v2/files/person/pictures/25670714_200007.jpeg
94,เลขที่ 094,นาย,พรเพิ่ม,,ทองศรี,นายพรเพิ่ม  ทองศรี,https://www.senate.go.th/v2/files/person/pictures/25670711_110811.jpg
95,เลขที่ 095,นาย,พละวัต,,ตันศิริ,นายพละวัต  ตันศิริ,https://www.senate.go.th/v2/files/person/pictures/25670710_222245.jpg
96,เลขที่ 096,นาย,พิชาญ,,พรศิริประทาน,นายพิชาญ  พรศิริประทาน,https://www.senate.go.th/v2/files/person/pictures/25670711_120748.jpg
97,เลขที่ 097,นาย,พิบูลย์อัฑฒ์,,หฤหรรษ์ปราการ,นายพิบูลย์อัฑฒ์  หฤหรรษ์ปราการ,https://www.senate.go.th/v2/files/person/pictures/25670710_220645.jpg
98,เลขที่ 098,นาย,พิมาย,,คงทัน,นายพิมาย  คงทัน,https://www.senate.go.th/v2/files/person/pictures/25670712_100222.jpg
99,เลขที่ 099,นาย,พิศูจน์,,รัตนวงศ์,นายพิศูจน์  รัตนวงศ์,https://www.senate.go.th/v2/files/person/pictures/25670903_095946.jpg
100,เลขที่ 100,นาย,พิสิษฐ์,,อภิวัฒนาพงศ์,นายพิสิษฐ์  อภิวัฒนาพงศ์,https://www.senate.go.th/v2/files/person/pictures/25670726_162834.jpg
101,เลขที่ 101,นาง,เพลินจิต,,ขันแก้ว,นางเพลินจิต  ขันแก้ว,https://www.senate.go.th/v2/files/person/pictures/25670711_120041.jpg
102,เลขที่ 102,นาย,ไพบูลย์,,ณะบุตรจอม,นายไพบูลย์  ณะบุตรจอม,https://www.senate.go.th/v2/files/person/pictures/25670711_075512.jpg
103,เลขที่ 103,นาย,ภมร,,เชาว์ศิริกุล,นายภมร  เชาว์ศิริกุล,https://www.senate.go.th/v2/files/person/pictures/25670711_122616.jpg
104,เลขที่ 104,นาย,ภาณุพงษ์,,เต็งวงษ์วัฒนะ,นายภาณุพงษ์  เต็งวงษ์วัฒนะ,https://www.senate.go.th/v2/files/person/pictures/25670711_070946.jpg
105,เลขที่ 105,นางสาว,ภาวนา,,ว่องอมรนิธิ,นางสาวภาวนา  ว่องอมรนิธิ,https://www.senate.go.th/v2/files/person/pictures/25670711_141228.jpg
106,เลขที่ 106,นาย,มงคล,,สุระสัจจะ,นายมงคล  สุระสัจจะ,https://www.senate.go.th/v2/files/person/pictures/25670711_111240.jpg
107,เลขที่ 107,นางสาว,มณีรัฐ,,เขมะวงค์,นางสาวมณีรัฐ  เขมะวงค์,https://www.senate.go.th/v2/files/person/pictures/25670715_114131.jpg
108,เลขที่ 108,นาง,มยุรี,,โพธิแสน,นางมยุรี  โพธิแสน,https://www.senate.go.th/v2/files/person/pictures/25670826_151806.jpg
109,เลขที่ 109,นาย,มังกร,,ศรีเจริญกูล,นายมังกร  ศรีเจริญกูล,https://www.senate.go.th/v2/files/person/pictures/25670715_091754.jpg
110,เลขที่ 110,นาย,มานะ,,มหาสุวีระชัย,นายมานะ  มหาสุวีระชัย,https://www.senate.go.th/v2/files/person/pictures/25670715_092917.jpg
111,เลขที่ 111,นางสาว,มาเรีย,,เผ่าประทาน,นางสาวมาเรีย  เผ่าประทาน,https://www.senate.go.th/v2/files/person/pictures/25670712_144203.jpg
112,เลขที่ 112,นาย,ยะโก๊ป,,หีมละ,นายยะโก๊ป  หีมละ,https://www.senate.go.th/v2/files/person/pictures/25670711_152222.jpg
113,เลขที่ 113,นาย,ยุคล,,ชนะวัฒน์ปัญญา,นายยุคล  ชนะวัฒน์ปัญญา,https://www.senate.go.th/v2/files/person/pictures/25670711_122548.jpg
114,เลขที่ 114,พลตำรวจโท,ยุทธนา,,ไทยภักดี,พลตำรวจโท  ยุทธนา  ไทยภักดี,https://www.senate.go.th/v2/files/person/pictures/25670712_110418.jpg
115,เลขที่ 115,นาง,รจนา,,เพิ่มพูล,นางรจนา  เพิ่มพูล,https://www.senate.go.th/v2/files/person/pictures/25670711_142137.jpg
116,เลขที่ 116,พลตำรวจตรี,รมย์สิทธิ์,,วีริยาสรร,พลตำรวจตรี  รมย์สิทธิ์  วีริยาสรร,https://www.senate.go.th/v2/files/person/pictures/25670711_111944.jpg
117,เลขที่ 117,นางสาว,รัชนีกร,,ทองทิพย์,นางสาวรัชนีกร  ทองทิพย์,https://www.senate.go.th/v2/files/person/pictures/25670723_142533.jpg
118,เลขที่ 118,นาย,รุจิภาส,,มีกุศล,นายรุจิภาส  มีกุศล,https://www.senate.go.th/v2/files/person/pictures/25670711_112026.jpg
119,เลขที่ 119,นาย,ฤชุ,,แก้วลาย,นายฤชุ  แก้วลาย,https://www.senate.go.th/v2/files/person/pictures/25670711_114919.jpg
120,เลขที่ 120,รองศาสตราจารย์,แล,,ดิลกวิทยรัตน์,รองศาสตราจารย์แล  ดิลกวิทยรัตน์,https://www.senate.go.th/v2/files/person/pictures/25670715_103037.jpg
121,เลขที่ 121,นาย,วร,,หินดี,นายวร  หินดี,https://www.senate.go.th/v2/files/person/pictures/25670710_215447.jpg
122,เลขที่ 122,นาง,วรรษมนต์,,คุณแสน,นางวรรษมนต์  คุณแสน,https://www.senate.go.th/v2/files/person/pictures/25670711_112530.jpg
123,เลขที่ 123,นาง,วราภัสร์,,ไพพรรณรัตน์,นางวราภัสร์  ไพพรรณรัตน์,https://www.senate.go.th/v2/files/person/pictures/25670710_231350.jpeg
124,เลขที่ 124,ผู้ช่วยศาสตราจารย์,วราวุธ,,ตีระนันทน์,ผู้ช่วยศาสตราจารย์วราวุธ  ตีระนันทน์,https://www.senate.go.th/v2/files/person/pictures/25670712_112439.jpg
125,เลขที่ 125,นาง,วลีรักษ์,,พัชระเมธาพัฒน์,นางวลีรักษ์  พัชระเมธาพัฒน์,https://www.senate.go.th/v2/files/person/pictures/25670711_121553.jpg
126,เลขที่ 126,นาย,วันชัย,,แข็งการเขตร,นายวันชัย  แข็งการเขตร,https://www.senate.go.th/v2/files/person/pictures/25670711_130940.jpg
127,เลขที่ 127,พลตำรวจโท,วันไชย,,เอกพรพิชญ์,พลตำรวจโท  วันไชย  เอกพรพิชญ์,https://www.senate.go.th/v2/files/person/pictures/25670711_134744.jpg
128,เลขที่ 128,นาง,วาสนา,,ยศสอน,นางวาสนา  ยศสอน,https://www.senate.go.th/v2/files/person/pictures/25670712_141324.jpg
129,เลขที่ 129,นาย,วิเชียร,,ชัยสถาพร,นายวิเชียร  ชัยสถาพร,https://www.senate.go.th/v2/files/person/pictures/25670711_141939.jpg
130,เลขที่ 130,นางสาว,วิธาวีร์,,ประทุมสวัสดิ์,นางสาววิธาวีร์  ประทุมสวัสดิ์,https://www.senate.go.th/v2/files/person/pictures/25670711_122427.jpg
131,เลขที่ 131,นางสาว,วิภาพร,,ทองโสด,นางสาววิภาพร  ทองโสด,https://www.senate.go.th/v2/files/person/pictures/25670712_111655.jpg
132,เลขที่ 132,นาย,วิรัตน์,,ธรรมบํารุง,นายวิรัตน์  ธรรมบํารุง,https://www.senate.go.th/v2/files/person/pictures/25670712_085636.jpg
133,เลขที่ 133,นาย,วิรัตน์,,รักษ์พันธ์,นายวิรัตน์  รักษ์พันธ์,https://www.senate.go.th/v2/files/person/pictures/25670711_122230.jpg
134,เลขที่ 134,นาย,วิรัตน์,,ลิ้มสุวัฒน์,นายวิรัตน์  ลิ้มสุวัฒน์,https://www.senate.go.th/v2/files/person/pictures/25670711_104755.jpg
135,เลขที่ 135,นาย,วิวรรธน์,,ไกรพิสิทธิ์กุล,นายวิวรรธน์  ไกรพิสิทธิ์กุล,https://www.senate.go.th/v2/files/person/pictures/25670711_144118.jpg
136,เลขที่ 136,นาย,วิวัฒน์,,รุ้งแก้ว,นายวิวัฒน์  รุ้งแก้ว,https://www.senate.go.th/v2/files/person/pictures/25670711_142225.jpg
137,เลขที่ 137,นาย,วีรยุทธ,,สร้อยทอง,นายวีรยุทธ  สร้อยทอง,https://www.senate.go.th/v2/files/person/pictures/25670712_104522.jpg
138,เลขที่ 138,นาย,วีระพันธ์,,สุวรรณนามัย,นายวีระพันธ์  สุวรรณนามัย,https://www.senate.go.th/v2/files/person/pictures/25670711_133020.jpg
139,เลขที่ 139,นาย,วีระศักดิ์,,วิจิตร์แสงศรี,นายวีระศักดิ์  วิจิตร์แสงศรี,https://www.senate.go.th/v2/files/person/pictures/25670710_222654.jpg
140,เลขที่ 140,นาย,วุฒิชาติ,,กัลยาณมิตร,นายวุฒิชาติ  กัลยาณมิตร,https://www.senate.go.th/v2/files/person/pictures/25670730_103505.jpg
141,เลขที่ 141,นาวาตรี,วุฒิพงศ์,,พงศ์สุวรรณ,นาวาตรี  วุฒิพงศ์  พงศ์สุวรรณ,https://www.senate.go.th/v2/files/person/pictures/25670711_130646.jpg
142,เลขที่ 142,นาย,ศรายุทธ,,ยิ้มยวน,นายศรายุทธ  ยิ้มยวน,https://www.senate.go.th/v2/files/person/pictures/25670715_094849.jpg
143,เลขที่ 143,นาย,ศุภชัย,,กิตติภูติกุล,นายศุภชัย  กิตติภูติกุล,https://www.senate.go.th/v2/files/person/pictures/25670711_113214.jpg
144,เลขที่ 144,นาย,ศุภโชค,,ศาลากิจ,นายศุภโชค  ศาลากิจ,https://www.senate.go.th/v2/files/person/pictures/25670715_151019.jpg
145,เลขที่ 145,นาย,เศก,,จุลเกษร,นายเศก  จุลเกษร,https://www.senate.go.th/v2/files/person/pictures/25670711_133013.jpg
146,เลขที่ 146,นาย,เศรณี,,อนิลบล,นายเศรณี  อนิลบล,https://www.senate.go.th/v2/files/person/pictures/25670723_100155.jpg
147,เลขที่ 147,พันตำรวจโท,สง่า,,ส่งมหาชัย,พันตำรวจโท  สง่า  ส่งมหาชัย,https://www.senate.go.th/v2/files/person/pictures/25670712_105836.jpg
148,เลขที่ 148,นาย,สมชาย,,นุ่มพูล,นายสมชาย  นุ่มพูล,https://www.senate.go.th/v2/files/person/pictures/25670711_130917.jpg
149,เลขที่ 149,นาย,ธณัชญ์พงศ์,,วงศ์มุลาลี,นายธณัชญ์พงศ์  วงศ์มุลาลี,
150,เลขที่ 150,นาย,สมดุลย์,,บุญไชย,นายสมดุลย์  บุญไชย,https://www.senate.go.th/v2/files/person/pictures/25670711_131111.jpg
151,เลขที่ 151,นาย,สมทบ,,ถีระพันธ์,นายสมทบ  ถีระพันธ์,https://www.senate.go.th/v2/files/person/pictures/25670712_084920.jpg
152,เลขที่ 152,นาย,สมบูรณ์,,หนูนวล,นายสมบูรณ์  หนูนวล,https://www.senate.go.th/v2/files/person/pictures/25670711_143734.jpg
153,เลขที่ 153,นาง,สมพร,,วรรณชาติ,นางสมพร  วรรณชาติ,https://www.senate.go.th/v2/files/person/pictures/25670711_115145.jpg
154,เลขที่ 154,นาย,สมพาน,,พละศักดิ์,นายสมพาน  พละศักดิ์,https://www.senate.go.th/v2/files/person/pictures/25670710_233441.jpg
155,เลขที่ 155,นาง,สมศรี,,อุรามา,นางสมศรี  อุรามา,https://www.senate.go.th/v2/files/person/pictures/25670712_094926.jpg
156,เลขที่ 156,นาย,สมศักดิ์,,จันทร์แก้ว,นายสมศักดิ์  จันทร์แก้ว,https://www.senate.go.th/v2/files/person/pictures/25670711_140802.jpg
157,เลขที่ 157,นาย,สมหมาย,,ศรีจันทร์,นายสมหมาย  ศรีจันทร์,https://www.senate.go.th/v2/files/person/pictures/25670712_091242.jpg
158,เลขที่ 158,นาย,สรชาติ,วิชย,สุวรรณพรหม,นายสรชาติ  วิชย  สุวรรณพรหม,https://www.senate.go.th/v2/files/person/pictures/25670724_142207.jpg
159,เลขที่ 159,พลเอก,สวัสดิ์,,ทัศนา,พลเอก  สวัสดิ์  ทัศนา,https://www.senate.go.th/v2/files/person/pictures/25670711_142908.jpg
160,เลขที่ 160,นาย,สหพันธ์,,รุ่งโรจนพณิชย์,นายสหพันธ์  รุ่งโรจนพณิชย์,https://www.senate.go.th/v2/files/person/pictures/25670711_113112.jpg
161,เลขที่ 161,นาย,สัมพันธ์,,ชัยวิเศษจินดา,นายสัมพันธ์  ชัยวิเศษจินดา,https://www.senate.go.th/v2/files/person/pictures/25670711_121946.JPG
162,เลขที่ 162,นาย,สากล,,ภูลศิริกุล,นายสากล  ภูลศิริกุล,https://www.senate.go.th/v2/files/person/pictures/25670711_152641.jpg
163,เลขที่ 163,นาย,สามารถ,,รังสรรค์,นายสามารถ  รังสรรค์,https://www.senate.go.th/v2/files/person/pictures/25670711_110029.jpg
164,เลขที่ 164,นางสาว,สายฝน,,กองแก้ว,นางสาวสายฝน  กองแก้ว,https://www.senate.go.th/v2/files/person/pictures/25670711_132745.jpg
165,เลขที่ 165,นาย,สาลี,,สิงห์คำ,นายสาลี  สิงห์คำ,https://www.senate.go.th/v2/files/person/pictures/25670711_155748.jpg
166,เลขที่ 166,นาย,สิทธิกร,,ธงยศ,นายสิทธิกร  ธงยศ,https://www.senate.go.th/v2/files/person/pictures/25670711_132901.jpg
167,เลขที่ 167,นาย,สืบศักดิ์,,แววแก้ว,นายสืบศักดิ์  แววแก้ว,https://www.senate.go.th/v2/files/person/pictures/25670711_141441.jpg
168,เลขที่ 168,พลโท,สุกิจ,,ทั่งทอง,พลโท  สุกิจ  ทั่งทอง,https://www.senate.go.th/v2/files/person/pictures/25670711_112109.jpg
169,เลขที่ 169,นาย,สุทนต์,,กล้าการขาย,นายสุทนต์  กล้าการขาย,https://www.senate.go.th/v2/files/person/pictures/25670711_151128.jpg
170,เลขที่ 170,นาย,สุทิน,,แก้วพนา,นายสุทิน  แก้วพนา,https://www.senate.go.th/v2/files/person/pictures/25670711_133009.JPG
171,เลขที่ 171,นาย,สุเทพ,,สังข์วิเศษ,นายสุเทพ  สังข์วิเศษ,https://www.senate.go.th/v2/files/person/pictures/25670711_135952.jpg
172,เลขที่ 172,พลตำรวจตรี,สุนทร,,ขวัญเพ็ชร,พลตำรวจตรี  สุนทร  ขวัญเพ็ชร,https://www.senate.go.th/v2/files/person/pictures/25670711_115944.JPG
173,เลขที่ 173,นาย,สุนทร,,เชาว์กิจค้า,นายสุนทร  เชาว์กิจค้า,https://www.senate.go.th/v2/files/person/pictures/25670711_135630.jpg
174,เลขที่ 174,นาย,สุนทร,,พฤกษพิพัฒน์,นายสุนทร  พฤกษพิพัฒน์,https://www.senate.go.th/v2/files/person/pictures/25670715_114649.jpg
175,เลขที่ 175,นางสาว,ภิญญาพัชญ์,,ศันสนียชีวิน,นางสาวภิญญาพัชญ์  ศันสนียชีวิน,https://www.senate.go.th/v2/files/person/pictures/25680318_144844.jpg
176,เลขที่ 176,นาย,สุพัตรชัย,,เตียวเจริญโสภา,นายสุพัตรชัย  เตียวเจริญโสภา,https://www.senate.go.th/v2/files/person/pictures/25670715_172859.jpg
177,เลขที่ 177,นาง,สุมิตรา,,จารุกําเนิดกนก,นางสุมิตรา  จารุกําเนิดกนก,https://www.senate.go.th/v2/files/person/pictures/25670711_123903.jpg
178,เลขที่ 178,พันตำรวจโท,สุริยา,,บาราสัน,พันตำรวจโท  สุริยา  บาราสัน,https://www.senate.go.th/v2/files/person/pictures/25670712_094834.jpg
179,เลขที่ 179,นาย,สุวิช,,จําปานนท์,นายสุวิช  จําปานนท์,https://www.senate.go.th/v2/files/person/pictures/25670712_082827.JPG
180,เลขที่ 180,นาย,สุวิทย์,,ขาวดี,นายสุวิทย์  ขาวดี,https://www.senate.go.th/v2/files/person/pictures/25670712_100045.jpg
181,เลขที่ 181,นาย,โสภณ,,ผาสุข,นายโสภณ  ผาสุข,https://www.senate.go.th/v2/files/person/pictures/25670711_132207.jpg
182,เลขที่ 182,นาย,โสภณ,,มะโนมะยา,นายโสภณ  มะโนมะยา,https://www.senate.go.th/v2/files/person/pictures/25670712_113427.jpg
183,เลขที่ 183,นาง,อจลา,,ณ ระนอง,นางอจลา  ณ ระนอง,https://www.senate.go.th/v2/files/person/pictures/25670711_100533.jpg
184,เลขที่ 184,นาย,อภิชา,,เศรษฐวราธร,นายอภิชา  เศรษฐวราธร,https://www.senate.go.th/v2/files/person/pictures/25670711_145520.jpg
185,เลขที่ 185,นาย,อภิชาติ,,งามกมล,นายอภิชาติ  งามกมล,https://www.senate.go.th/v2/files/person/pictures/25670711_113522.jpg
186,เลขที่ 186,นาย,อภินันท์,,เผือกผ่อง,นายอภินันท์  เผือกผ่อง,https://www.senate.go.th/v2/files/person/pictures/25670711_092847.jpg
187,เลขที่ 187,นางสาว,อมร,,ศรีบุญนาค,นางสาวอมร  ศรีบุญนาค,https://www.senate.go.th/v2/files/person/pictures/25670711_132346.jpg
188,เลขที่ 188,นาย,อมรศักดิ์,,กิจธนานันท์,นายอมรศักดิ์  กิจธนานันท์,https://www.senate.go.th/v2/files/person/pictures/25670715_083004.jpg
189,เลขที่ 189,ผู้ช่วยศาสตราจารย์พิเศษ,อลงกต,,วรกี,ผู้ช่วยศาสตราจารย์พิเศษอลงกต  วรกี,https://www.senate.go.th/v2/files/person/pictures/25670711_100646.jpg
190,เลขที่ 190,นาย,อะมัด,,อายุเคน,นายอะมัด  อายุเคน,https://www.senate.go.th/v2/files/person/pictures/25670711_122453.jpg
191,เลขที่ 191,นาย,อัครวินท์,,ขำขุด,นายอัครวินท์  ขำขุด,https://www.senate.go.th/v2/files/person/pictures/25670711_131942.jpg
192,เลขที่ 192,พลตำรวจตรี,อังกูร,,คล้ายคลึง,พลตำรวจตรี  อังกูร  คล้ายคลึง,https://www.senate.go.th/v2/files/person/pictures/25670712_082107.jpg
193,เลขที่ 193,นาง,อังคณา,,นีละไพจิตร,นางอังคณา  นีละไพจิตร,https://www.senate.go.th/v2/files/person/pictures/25670711_192239.JPG
194,เลขที่ 194,นางสาว,อัจฉรพรรณ,,หอมรส,นางสาวอัจฉรพรรณ  หอมรส,https://www.senate.go.th/v2/files/person/pictures/25670710_222815.jpg
195,เลขที่ 195,นาย,อัษฎางค์,,แสวงการ,นายอัษฎางค์  แสวงการ,https://www.senate.go.th/v2/files/person/pictures/25670711_131137.jpg
196,เลขที่ 196,นาง,อารีย์,,บรรจงธุระการ,นางอารีย์  บรรจงธุระการ,https://www.senate.go.th/v2/files/person/pictures/25670712_095530.jpg
197,เลขที่ 197,นาย,อิสระ,,บุญสองชั้น,นายอิสระ  บุญสองชั้น,https://www.senate.go.th/v2/files/person/pictures/25670711_134421.jpg
198,เลขที่ 198,นาย,เอกชัย,,เรืองรัตน์,นายเอกชัย  เรืองรัตน์,https://www.senate.go.th/v2/files/person/pictures/25670711_102047.jpg
199,เลขที่ 199,นาย,เอนก,,วีระพจนานันท์,นายเอนก  วีระพจนานันท์,https://www.senate.go.th/v2/files/person/pictures/25670711_120527.JPG
200,เลขที่ 200,นาง,เอมอร,,ศรีกงพาน,นางเอมอร  ศรีกงพาน,https://www.senate.go.th/v2/files/person/pictures/25670712_110232.jpg
